,id,best block size,best time,worst block size,worst time,total time
0,0.0,530.0,0.08007168769836426,70.0,0.11941170692443848,16.966941118240356
1,1.0,730.0,0.07913637161254883,430.0,0.14721179008483887,17.704303741455078
