id,best block size,best time,worst block size,worst time,total time
0.0,85.0,0.0745840072631836,70.0,0.1172182559967041,15.963979959487915
1.0,485.0,0.07673525810241699,665.0,0.1553938388824463,16.484524250030518
