id,best block size,best time,worst block size,worst time,total time
0.0,870.0,0.07995200157165527,115.0,0.14087772369384766,16.84977626800537
1.0,175.0,0.07956671714782715,80.0,0.11135101318359375,16.84664273262024
