MH,FITNESS
WOA,5.197647151668647e-19
WOA,1.7645868835713737e-24
GWO,3.320345756261646e-12
GWO,4.853439817857682e-12
